<?xml version="1.0" encoding="UTF-8"?>
<templates>
    <t t-name="ViewM2mGroup">
        <div class="row ml16 mr16">
            <div t-foreach="groups" t-as="group" class="col-3">
                <t t-set="group_data" t-value="groups[group]" />
                <div class="card mt16">
                    <img class="card-img-top" t-attf-src="/web/image/#{group_data.model}/#{group}/image_1920"/>
                    <div class="card-body">
                        <h5 class="card-title mt8">
                            <t t-esc="group_data['name']"/>
                        </h5>
                    </div>
                    <ul class="list-group list-group-flush">
                        <t t-foreach="group_data['children']" t-as="child">
                            <li class="list-group-item">
                                <i class="fa fa-book"/>
                                <t t-esc="child.name"/>
                            </li>
                        </t>
                    </ul>
                    <div class="card-body">
                        <a href="#" class="btn btn-sm btn-primary o_primay_button" t-att-data-group="group">View books</a>
                    </div>
                </div>
            </div>
        </div>
    </t>

    <div t-name="ViewM2mGroup.buttons">
        <button type="button" class="btn btn-primary">
                Add Record
        </button>
    </div>

    <t t-name="FieldColorPills">
        <t t-foreach="widget.totalColors" t-as='pill_no'>
            <span t-attf-class="o_color_pill o_color_#{pill_no} #{widget.value === pill_no and 'active' or ''}" t-att-data-val="pill_no"
            data-toggle="tooltip" data-placement="top" t-attf-title="This color is used in #{widget.colorGroupData[pill_no] or 0 } books."/>
        </t>
    </t>
</templates>
